{"stats":{"minecraft:picked_up":{"minecraft:oak_sign":1,"minecraft:gravel":2,"mcwfurnitures:crimson_striped_chair":1},"minecraft:used":{"webdisplays:linker":29,"minecraft:glass":2,"minecraft:acacia_stairs":23,"minecraft:black_concrete":82,"webdisplays:keyboard":8,"minecraft:crafting_table":1,"minecraft:armor_stand":1,"minecraft:grass_block":13,"mcwfurnitures:oak_striped_chair":43,"mcwfurnitures:crimson_chair":12,"minecraft:mangrove_planks":48,"minecraft:oak_sign":6,"minecraft:stone":107,"minecraft:acacia_planks":115,"webdisplays:screencfg":2,"minecraft:blue_concrete":13,"webdisplays:screen":110},"minecraft:custom":{"minecraft:time_since_rest":141141,"minecraft:crouch_one_cm":10245,"minecraft:sprint_one_cm":31587,"minecraft:play_time":141141,"minecraft:walk_one_cm":74388,"minecraft:sneak_time":5400,"minecraft:mob_kills":1,"minecraft:interact_with_lectern":1,"minecraft:jump":264,"minecraft:damage_dealt":40,"minecraft:leave_game":5,"minecraft:time_since_death":141141,"minecraft:total_world_time":141141,"minecraft:interact_with_crafting_table":1,"minecraft:fly_one_cm":225440},"minecraft:crafted":{"minecraft:leather_leggings":1,"minecraft:leather_boots":1,"minecraft:leather_chestplate":1}},"DataVersion":3465}