{"stats":{"minecraft:custom":{"minecraft:time_since_rest":82994,"minecraft:crouch_one_cm":7878,"minecraft:leave_game":4,"minecraft:play_time":82994,"minecraft:sprint_one_cm":13274,"minecraft:time_since_death":82994,"minecraft:walk_one_cm":52990,"minecraft:sneak_time":3660,"minecraft:total_world_time":82994,"minecraft:fly_one_cm":137182,"minecraft:jump":177},"minecraft:used":{"mcwfurnitures:crimson_chair":7,"minecraft:mangrove_planks":46,"webdisplays:linker":10,"minecraft:oak_sign":1,"minecraft:black_concrete":81,"minecraft:stone":105,"webdisplays:keyboard":2,"webdisplays:screen":88,"mcwfurnitures:oak_striped_chair":41},"minecraft:picked_up":{"minecraft:gravel":2,"minecraft:oak_sign":1}},"DataVersion":3465}