{"stats":{"minecraft:used":{"webdisplays:linker":12,"minecraft:water_bucket":17,"minecraft:lava_bucket":14,"webdisplays:keyboard":9,"minecraft:flint_and_steel":1,"minecraft:nether_quartz_ore":5,"mcwfurnitures:oak_striped_chair":2,"minecraft:grass_block":67,"webdisplays:screencfg":1,"minecraft:diamond_ore":64,"webdisplays:screen":342},"minecraft:custom":{"minecraft:time_since_rest":53723,"minecraft:crouch_one_cm":16414,"minecraft:sprint_one_cm":11918,"minecraft:play_time":53723,"minecraft:walk_one_cm":34458,"minecraft:sneak_time":5056,"minecraft:walk_under_water_one_cm":14540,"minecraft:jump":269,"minecraft:damage_dealt":30,"minecraft:leave_game":2,"minecraft:walk_on_water_one_cm":5132,"minecraft:time_since_death":53723,"minecraft:total_world_time":53723,"minecraft:swim_one_cm":1728,"minecraft:fly_one_cm":136706}},"DataVersion":2975}