{"stats":{"minecraft:used":{"mcwfurnitures:crimson_chair":7,"webdisplays:linker":2,"minecraft:mangrove_planks":46,"webdisplays:screen":81},"minecraft:custom":{"minecraft:jump":57,"minecraft:time_since_rest":25184,"minecraft:crouch_one_cm":3065,"minecraft:sprint_one_cm":125,"minecraft:leave_game":2,"minecraft:play_time":25184,"minecraft:time_since_death":25184,"minecraft:walk_one_cm":11035,"minecraft:sneak_time":943,"minecraft:total_world_time":25184,"minecraft:fly_one_cm":15311}},"DataVersion":3465}