{"stats":{"minecraft:used":{"mcwfurnitures:crimson_chair":7,"webdisplays:linker":8,"minecraft:mangrove_planks":46,"webdisplays:keyboard":2,"webdisplays:screen":84},"minecraft:custom":{"minecraft:jump":80,"minecraft:time_since_rest":49184,"minecraft:crouch_one_cm":3217,"minecraft:sprint_one_cm":125,"minecraft:leave_game":2,"minecraft:play_time":49184,"minecraft:time_since_death":49184,"minecraft:walk_one_cm":11519,"minecraft:sneak_time":1673,"minecraft:total_world_time":49184,"minecraft:fly_one_cm":41015}},"DataVersion":3465}