{"stats":{"minecraft:used":{"mcwfurnitures:crimson_chair":4,"webdisplays:linker":2,"minecraft:mangrove_planks":38,"webdisplays:screen":55},"minecraft:custom":{"minecraft:jump":34,"minecraft:time_since_rest":13184,"minecraft:crouch_one_cm":2406,"minecraft:sprint_one_cm":57,"minecraft:leave_game":2,"minecraft:play_time":13184,"minecraft:time_since_death":13184,"minecraft:walk_one_cm":7487,"minecraft:sneak_time":604,"minecraft:total_world_time":13184,"minecraft:fly_one_cm":8910}},"DataVersion":3465}