{"stats":{"minecraft:picked_up":{"minecraft:birch_door":1,"minecraft:sweet_berries":8,"minecraft:salmon":1,"minecraft:gravel":2,"mcwfurnitures:crimson_striped_chair":1,"minecraft:oak_sign":3,"webdisplays:laserpointer":1},"minecraft:used":{"minecraft:birch_fence":160,"minecraft:birch_door":3,"minecraft:oak_log":16,"webdisplays:linker":29,"minecraft:glass":2,"mcwfurnitures:birch_chair":2,"minecraft:acacia_stairs":23,"minecraft:black_concrete":146,"webdisplays:keyboard":9,"minecraft:birch_planks":223,"minecraft:grass_block":15,"minecraft:armor_stand":1,"mcwfurnitures:crimson_chair":13,"minecraft:mangrove_planks":48,"minecraft:oak_sign":8,"minecraft:stone":108,"minecraft:polished_blackstone_brick_stairs":10,"minecraft:glowstone":2,"minecraft:cobblestone":106,"minecraft:purple_bed":1,"minecraft:sweet_berries":3,"minecraft:crafting_table":1,"mcwfurnitures:oak_striped_chair":43,"minecraft:purple_carpet":2,"minecraft:acacia_planks":115,"webdisplays:screencfg":3,"minecraft:blue_concrete":98,"minecraft:bone_meal":12,"webdisplays:screen":150,"minecraft:birch_stairs":60},"minecraft:dropped":{"webdisplays:laserpointer":1},"minecraft:custom":{"minecraft:time_since_rest":32147,"minecraft:sprint_one_cm":71839,"minecraft:walk_one_cm":103969,"minecraft:mob_kills":1,"minecraft:drop":1,"minecraft:damage_dealt":40,"minecraft:interact_with_crafting_table":1,"minecraft:fly_one_cm":363919,"minecraft:crouch_one_cm":26754,"minecraft:play_time":189141,"minecraft:sneak_time":9997,"minecraft:interact_with_lectern":1,"minecraft:jump":443,"minecraft:leave_game":5,"minecraft:time_since_death":189141,"minecraft:sleep_in_bed":1,"minecraft:total_world_time":189141},"minecraft:crafted":{"minecraft:leather_leggings":1,"minecraft:leather_boots":1,"minecraft:leather_chestplate":1}},"DataVersion":3465}