{"stats":{"minecraft:picked_up":{"minecraft:birch_door":1,"minecraft:cooked_beef":2,"minecraft:sweet_berries":8,"minecraft:salmon":1,"minecraft:gravel":2,"minecraft:birch_button":2,"mcwfurnitures:crimson_striped_chair":1,"minecraft:oak_sign":3,"webdisplays:laserpointer":1},"minecraft:used":{"minecraft:birch_fence":249,"minecraft:birch_door":3,"minecraft:oak_log":16,"webdisplays:linker":29,"minecraft:glass":2,"mcwfurnitures:birch_chair":2,"minecraft:enchanting_table":1,"minecraft:acacia_stairs":23,"minecraft:black_concrete":146,"minecraft:bookshelf":34,"minecraft:birch_fence_gate":6,"webdisplays:keyboard":9,"minecraft:birch_planks":388,"minecraft:grass_block":15,"minecraft:armor_stand":1,"minecraft:dispenser":2,"mcwfurnitures:crimson_chair":13,"minecraft:mangrove_planks":48,"minecraft:stone_button":1,"minecraft:oak_sign":9,"minecraft:stone":108,"minecraft:polished_blackstone_brick_stairs":10,"minecraft:barrel":3,"minecraft:birch_button":3,"minecraft:glowstone":2,"minecraft:cobblestone":106,"minecraft:purple_bed":1,"minecraft:sweet_berries":3,"minecraft:crafting_table":1,"mcwfurnitures:oak_striped_chair":43,"minecraft:cooked_beef":1,"minecraft:purple_carpet":2,"minecraft:acacia_planks":115,"webdisplays:screencfg":3,"minecraft:blue_concrete":98,"minecraft:bone_meal":12,"webdisplays:screen":151,"minecraft:birch_stairs":60},"minecraft:dropped":{"webdisplays:laserpointer":1},"minecraft:custom":{"minecraft:time_since_rest":57903,"minecraft:sprint_one_cm":104296,"minecraft:walk_one_cm":114916,"minecraft:mob_kills":1,"minecraft:drop":1,"minecraft:damage_dealt":40,"minecraft:interact_with_crafting_table":1,"minecraft:fly_one_cm":399371,"minecraft:open_barrel":2,"minecraft:crouch_one_cm":34712,"minecraft:play_time":214897,"minecraft:sneak_time":12537,"minecraft:interact_with_lectern":1,"minecraft:jump":515,"minecraft:leave_game":6,"minecraft:time_since_death":214897,"minecraft:sleep_in_bed":1,"minecraft:total_world_time":214897,"minecraft:inspect_dispenser":2},"minecraft:crafted":{"minecraft:leather_leggings":1,"minecraft:leather_boots":1,"minecraft:leather_chestplate":1}},"DataVersion":3465}