{"stats":{"minecraft:used":{"mcwfurnitures:crimson_chair":7,"webdisplays:linker":8,"minecraft:mangrove_planks":46,"webdisplays:keyboard":2,"webdisplays:screen":84},"minecraft:custom":{"minecraft:jump":77,"minecraft:time_since_rest":37184,"minecraft:crouch_one_cm":3198,"minecraft:sprint_one_cm":125,"minecraft:leave_game":2,"minecraft:play_time":37184,"minecraft:time_since_death":37184,"minecraft:walk_one_cm":11470,"minecraft:sneak_time":1249,"minecraft:total_world_time":37184,"minecraft:fly_one_cm":26046}},"DataVersion":3465}