{"stats":{"minecraft:picked_up":{"minecraft:oak_sign":1},"minecraft:used":{"mcwfurnitures:crimson_chair":7,"minecraft:mangrove_planks":46,"webdisplays:linker":10,"minecraft:oak_sign":1,"minecraft:stone":50,"webdisplays:keyboard":2,"webdisplays:screen":88},"minecraft:custom":{"minecraft:jump":123,"minecraft:time_since_rest":72279,"minecraft:crouch_one_cm":5515,"minecraft:leave_game":3,"minecraft:play_time":72279,"minecraft:sprint_one_cm":12771,"minecraft:time_since_death":72279,"minecraft:walk_one_cm":22577,"minecraft:sneak_time":2825,"minecraft:total_world_time":72279,"minecraft:fly_one_cm":105526}},"DataVersion":3465}