{"stats":{"minecraft:picked_up":{"minecraft:gravel":2,"mcwfurnitures:crimson_striped_chair":1,"minecraft:oak_sign":1},"minecraft:used":{"mcwfurnitures:crimson_chair":10,"minecraft:mangrove_planks":48,"webdisplays:linker":26,"minecraft:oak_sign":1,"minecraft:black_concrete":82,"minecraft:stone":106,"webdisplays:screencfg":2,"webdisplays:keyboard":5,"webdisplays:screen":93,"mcwfurnitures:oak_striped_chair":43},"minecraft:custom":{"minecraft:time_since_rest":117141,"minecraft:crouch_one_cm":8140,"minecraft:leave_game":5,"minecraft:play_time":117141,"minecraft:sprint_one_cm":14243,"minecraft:time_since_death":117141,"minecraft:walk_one_cm":54538,"minecraft:sneak_time":4562,"minecraft:total_world_time":117141,"minecraft:fly_one_cm":189761,"minecraft:jump":212}},"DataVersion":3465}