{"stats":{"minecraft:used":{"mcwfurnitures:crimson_chair":7,"webdisplays:linker":10,"minecraft:mangrove_planks":46,"webdisplays:keyboard":2,"webdisplays:screen":84},"minecraft:custom":{"minecraft:jump":99,"minecraft:time_since_rest":64834,"minecraft:crouch_one_cm":3408,"minecraft:sprint_one_cm":1150,"minecraft:leave_game":3,"minecraft:play_time":64834,"minecraft:time_since_death":64834,"minecraft:walk_one_cm":14868,"minecraft:sneak_time":2189,"minecraft:total_world_time":64834,"minecraft:fly_one_cm":73860}},"DataVersion":3465}