{"stats":{"minecraft:picked_up":{"minecraft:birch_door":1,"minecraft:oak_sign":3,"minecraft:gravel":2,"mcwfurnitures:crimson_striped_chair":1},"minecraft:used":{"minecraft:birch_door":3,"webdisplays:linker":29,"minecraft:glass":2,"minecraft:glowstone":2,"minecraft:acacia_stairs":23,"minecraft:black_concrete":146,"webdisplays:keyboard":8,"minecraft:crafting_table":1,"minecraft:armor_stand":1,"minecraft:grass_block":13,"mcwfurnitures:oak_striped_chair":43,"mcwfurnitures:crimson_chair":13,"minecraft:mangrove_planks":48,"minecraft:oak_sign":8,"minecraft:polished_blackstone_brick_stairs":10,"minecraft:stone":108,"minecraft:acacia_planks":115,"webdisplays:screencfg":3,"minecraft:blue_concrete":98,"webdisplays:screen":113},"minecraft:custom":{"minecraft:time_since_rest":8147,"minecraft:crouch_one_cm":10441,"minecraft:sprint_one_cm":49799,"minecraft:play_time":165141,"minecraft:walk_one_cm":87749,"minecraft:sneak_time":5683,"minecraft:mob_kills":1,"minecraft:interact_with_lectern":1,"minecraft:jump":352,"minecraft:damage_dealt":40,"minecraft:leave_game":5,"minecraft:time_since_death":165141,"minecraft:sleep_in_bed":1,"minecraft:total_world_time":165141,"minecraft:interact_with_crafting_table":1,"minecraft:fly_one_cm":319686},"minecraft:crafted":{"minecraft:leather_leggings":1,"minecraft:leather_boots":1,"minecraft:leather_chestplate":1}},"DataVersion":3465}