{"stats":{"minecraft:picked_up":{"minecraft:oak_sign":1,"minecraft:gravel":2,"mcwfurnitures:crimson_striped_chair":1},"minecraft:used":{"webdisplays:linker":29,"minecraft:acacia_stairs":23,"minecraft:black_concrete":82,"webdisplays:keyboard":8,"minecraft:grass_block":13,"mcwfurnitures:oak_striped_chair":43,"mcwfurnitures:crimson_chair":12,"minecraft:mangrove_planks":48,"minecraft:oak_sign":1,"minecraft:stone":106,"minecraft:acacia_planks":77,"webdisplays:screencfg":2,"webdisplays:screen":109},"minecraft:custom":{"minecraft:time_since_rest":129141,"minecraft:crouch_one_cm":10153,"minecraft:sprint_one_cm":21286,"minecraft:play_time":129141,"minecraft:walk_one_cm":61451,"minecraft:sneak_time":5302,"minecraft:mob_kills":1,"minecraft:jump":248,"minecraft:damage_dealt":40,"minecraft:leave_game":5,"minecraft:time_since_death":129141,"minecraft:total_world_time":129141,"minecraft:fly_one_cm":208573}},"DataVersion":3465}