{"stats":{"minecraft:custom":{"minecraft:time_since_rest":94994,"minecraft:crouch_one_cm":7902,"minecraft:leave_game":4,"minecraft:play_time":94994,"minecraft:sprint_one_cm":13274,"minecraft:time_since_death":94994,"minecraft:walk_one_cm":53270,"minecraft:sneak_time":3910,"minecraft:total_world_time":94994,"minecraft:fly_one_cm":143671,"minecraft:jump":180},"minecraft:used":{"mcwfurnitures:crimson_chair":10,"minecraft:mangrove_planks":48,"webdisplays:linker":10,"minecraft:oak_sign":1,"minecraft:black_concrete":81,"minecraft:stone":106,"webdisplays:keyboard":2,"webdisplays:screen":88,"mcwfurnitures:oak_striped_chair":41},"minecraft:picked_up":{"minecraft:gravel":2,"minecraft:oak_sign":1}},"DataVersion":3465}