{"stats":{"minecraft:used":{"webdisplays:linker":12,"webdisplays:screencfg":1,"webdisplays:keyboard":4,"webdisplays:screen":114},"minecraft:custom":{"minecraft:jump":66,"minecraft:time_since_rest":26952,"minecraft:crouch_one_cm":3276,"minecraft:leave_game":1,"minecraft:play_time":26952,"minecraft:sprint_one_cm":3052,"minecraft:time_since_death":26952,"minecraft:walk_on_water_one_cm":1294,"minecraft:walk_one_cm":22002,"minecraft:sneak_time":1594,"minecraft:total_world_time":26952,"minecraft:walk_under_water_one_cm":8524,"minecraft:swim_one_cm":1728,"minecraft:fly_one_cm":78146}},"DataVersion":2975}