{"stats":{"minecraft:used":{"webdisplays:linker":12,"webdisplays:screencfg":1,"webdisplays:keyboard":9,"webdisplays:screen":249},"minecraft:custom":{"minecraft:jump":134,"minecraft:time_since_rest":38952,"minecraft:damage_dealt":30,"minecraft:crouch_one_cm":11358,"minecraft:leave_game":1,"minecraft:play_time":38952,"minecraft:sprint_one_cm":6764,"minecraft:time_since_death":38952,"minecraft:walk_on_water_one_cm":1609,"minecraft:walk_one_cm":26267,"minecraft:sneak_time":3036,"minecraft:total_world_time":38952,"minecraft:walk_under_water_one_cm":11717,"minecraft:swim_one_cm":1728,"minecraft:fly_one_cm":104445}},"DataVersion":2975}