{"stats":{"minecraft:mined":{"minecraft:grass":3,"minecraft:oak_log":6,"minecraft:oak_leaves":1},"minecraft:picked_up":{"minecraft:oak_log":6},"minecraft:used":{"minecraft:oak_log":24,"webdisplays:linker":5,"webdisplays:keyboard":6,"mcwfurnitures:spruce_cupboard_counter":2,"mcwfurnitures:oak_modern_chair":3,"minecraft:red_bed":1,"minecraft:stone":17,"webdisplays:screencfg":11,"webdisplays:screen":100},"minecraft:custom":{"minecraft:time_since_rest":39263,"minecraft:crouch_one_cm":1142,"minecraft:sprint_one_cm":2600,"minecraft:play_time":39263,"minecraft:walk_one_cm":25520,"minecraft:sneak_time":1202,"minecraft:walk_under_water_one_cm":210,"minecraft:jump":60,"minecraft:leave_game":2,"minecraft:time_since_death":39263,"minecraft:walk_on_water_one_cm":260,"minecraft:total_world_time":39263,"minecraft:swim_one_cm":954,"minecraft:fall_one_cm":209,"minecraft:fly_one_cm":47587}},"DataVersion":2975}