{"stats":{"minecraft:mined":{"minecraft:grass":3,"minecraft:oak_log":6,"minecraft:oak_leaves":1},"minecraft:picked_up":{"minecraft:oak_log":6},"minecraft:used":{"webdisplays:linker":5,"minecraft:stone":1,"webdisplays:screencfg":11,"webdisplays:keyboard":6,"webdisplays:screen":100},"minecraft:custom":{"minecraft:jump":37,"minecraft:time_since_rest":27263,"minecraft:leave_game":2,"minecraft:crouch_one_cm":97,"minecraft:play_time":27263,"minecraft:sprint_one_cm":2578,"minecraft:time_since_death":27263,"minecraft:walk_one_cm":18138,"minecraft:sneak_time":662,"minecraft:total_world_time":27263,"minecraft:fall_one_cm":209,"minecraft:fly_one_cm":37315}},"DataVersion":2975}