{"stats":{"minecraft:mined":{"minecraft:grass":3,"minecraft:oak_log":6,"minecraft:oak_leaves":1},"minecraft:picked_up":{"minecraft:oak_log":6},"minecraft:used":{"webdisplays:linker":5,"webdisplays:screencfg":10,"webdisplays:keyboard":1,"webdisplays:screen":61},"minecraft:custom":{"minecraft:jump":30,"minecraft:time_since_rest":16011,"minecraft:crouch_one_cm":96,"minecraft:leave_game":1,"minecraft:play_time":16011,"minecraft:sprint_one_cm":2530,"minecraft:time_since_death":16011,"minecraft:walk_one_cm":11870,"minecraft:sneak_time":410,"minecraft:total_world_time":16011,"minecraft:fall_one_cm":209,"minecraft:fly_one_cm":23931}},"DataVersion":2975}