{"stats":{"minecraft:picked_up":{"minecraft:spruce_sapling":1},"minecraft:used":{"minecraft:black_concrete":96,"minecraft:spruce_trapdoor":1,"minecraft:acacia_planks":1,"mcwfurnitures:oak_striped_chair":2},"minecraft:mined":{"minecraft:spruce_leaves":7},"minecraft:custom":{"minecraft:jump":134,"minecraft:time_since_rest":32162,"minecraft:damage_taken":70,"minecraft:leave_game":3,"minecraft:crouch_one_cm":471,"minecraft:play_time":32162,"minecraft:sprint_one_cm":10548,"minecraft:time_since_death":32162,"minecraft:walk_one_cm":16801,"minecraft:sneak_time":661,"minecraft:total_world_time":32162,"minecraft:fall_one_cm":4108,"minecraft:fly_one_cm":20292}},"DataVersion":3465}