{"stats":{"minecraft:picked_up":{"minecraft:spruce_sapling":1},"minecraft:used":{"minecraft:black_concrete":96,"minecraft:acacia_planks":1,"mcwfurnitures:oak_striped_chair":2},"minecraft:mined":{"minecraft:spruce_leaves":7},"minecraft:custom":{"minecraft:jump":116,"minecraft:time_since_rest":24845,"minecraft:crouch_one_cm":276,"minecraft:walk_one_cm":13216,"minecraft:leave_game":1,"minecraft:play_time":24845,"minecraft:sprint_one_cm":10095,"minecraft:damage_taken":70,"minecraft:time_since_death":24845,"minecraft:sneak_time":343,"minecraft:total_world_time":24845,"minecraft:fall_one_cm":4108,"minecraft:fly_one_cm":18267}},"DataVersion":3465}