{"stats":{"minecraft:mined":{"minecraft:grass":3,"minecraft:oak_log":6,"minecraft:oak_leaves":1},"minecraft:used":{"webdisplays:keyboard":1},"minecraft:picked_up":{"minecraft:oak_log":6},"minecraft:custom":{"minecraft:jump":21,"minecraft:time_since_rest":5599,"minecraft:leave_game":1,"minecraft:sprint_one_cm":2530,"minecraft:play_time":5599,"minecraft:time_since_death":5599,"minecraft:walk_one_cm":4332,"minecraft:sneak_time":71,"minecraft:total_world_time":5599,"minecraft:fall_one_cm":209,"minecraft:fly_one_cm":12916}},"DataVersion":2975}