{"stats":{"minecraft:picked_up":{"minecraft:spruce_sapling":1},"minecraft:used":{"minecraft:black_concrete":96,"minecraft:acacia_planks":1},"minecraft:mined":{"minecraft:spruce_leaves":7},"minecraft:custom":{"minecraft:jump":94,"minecraft:time_since_rest":12845,"minecraft:crouch_one_cm":251,"minecraft:walk_one_cm":9328,"minecraft:leave_game":1,"minecraft:play_time":12845,"minecraft:sprint_one_cm":10095,"minecraft:damage_taken":70,"minecraft:time_since_death":12845,"minecraft:sneak_time":276,"minecraft:total_world_time":12845,"minecraft:fall_one_cm":4108,"minecraft:fly_one_cm":16457}},"DataVersion":3465}