{"stats":{"minecraft:mined":{"minecraft:grass":3,"minecraft:oak_log":6,"minecraft:oak_leaves":1},"minecraft:dropped":{"minecraft:tripwire_hook":4},"minecraft:picked_up":{"minecraft:tripwire_hook":3,"minecraft:oak_log":6,"minecraft:golden_sword":1,"minecraft:obsidian":2,"minecraft:bone_block":2},"minecraft:used":{"minecraft:oak_log":29,"webdisplays:linker":5,"minecraft:light_blue_candle":8,"minecraft:water_bucket":15,"minecraft:lava_bucket":3,"webdisplays:keyboard":6,"minecraft:lime_bed":1,"minecraft:flint_and_steel":2,"mcwfurnitures:spruce_cupboard_counter":2,"mcwfurnitures:oak_modern_chair":8,"minecraft:red_bed":1,"minecraft:grass_block":3,"minecraft:bucket":4,"minecraft:stone":19,"webdisplays:screencfg":11,"webdisplays:screen":100,"minecraft:dark_oak_door":5},"minecraft:custom":{"minecraft:open_chest":3,"minecraft:time_since_rest":51263,"minecraft:crouch_one_cm":1321,"minecraft:sprint_one_cm":3095,"minecraft:play_time":51263,"minecraft:walk_one_cm":39337,"minecraft:sneak_time":1546,"minecraft:walk_under_water_one_cm":333,"minecraft:drop":4,"minecraft:jump":87,"minecraft:damage_dealt":10,"minecraft:leave_game":2,"minecraft:time_since_death":51263,"minecraft:walk_on_water_one_cm":388,"minecraft:total_world_time":51263,"minecraft:swim_one_cm":954,"minecraft:fall_one_cm":209,"minecraft:fly_one_cm":69272}},"DataVersion":2975}