{"stats":{"minecraft:custom":{"minecraft:jump":54,"minecraft:time_since_rest":28772,"minecraft:damage_dealt":208,"minecraft:crouch_one_cm":411,"minecraft:sprint_one_cm":2956,"minecraft:play_time":28772,"minecraft:damage_taken":40,"minecraft:time_since_death":28772,"minecraft:walk_one_cm":21522,"minecraft:sneak_time":681,"minecraft:total_world_time":28772,"minecraft:mob_kills":1,"minecraft:drop":3,"minecraft:fall_one_cm":1323,"minecraft:fly_one_cm":55826},"minecraft:killed":{"minecraft:zombie":1},"minecraft:used":{"mcwfurnitures:crimson_striped_chair":1,"minecraft:stone":16,"mcwfurnitures:oak_bookshelf_drawer":2,"webdisplays:screen":29},"minecraft:picked_up":{"minecraft:oak_sign":5},"minecraft:dropped":{"mcwfurnitures:crimson_striped_chair":1,"minecraft:oak_sign":2}},"DataVersion":3465}