{"stats":{"minecraft:picked_up":{"minecraft:birch_door":3,"minecraft:cooked_beef":5,"webdisplays:keyboard":1,"minecraft:lantern":1,"minecraft:oak_sign":1,"webdisplays:screen":1},"minecraft:used":{"minecraft:birch_door":10,"webdisplays:linker":7,"minecraft:glass":6,"minecraft:water_bucket":75,"minecraft:lava_bucket":3,"mcwfurnitures:oak_modern_desk":1,"minecraft:black_concrete":78,"minecraft:acacia_stairs":12,"minecraft:black_wool":1,"minecraft:enchanting_table":4,"mcwfurnitures:birch_counter":1,"mcwfurnitures:birch_double_wardrobe":5,"minecraft:bookshelf":20,"webdisplays:keyboard":87,"minecraft:flint_and_steel":1,"mcwfurnitures:birch_modern_wardrobe":10,"minecraft:birch_slab":4,"minecraft:birch_planks":465,"minecraft:lantern":5,"minecraft:grass_block":19,"mcwfurnitures:birch_modern_desk":7,"mcwfurnitures:birch_bookshelf":2,"mcwfurnitures:birch_striped_chair":4,"minecraft:stone":34,"mcwfurnitures:birch_coffee_table":3,"minecraft:pink_concrete":143,"minecraft:torch":8,"minecraft:glowstone":74,"minecraft:oak_slab":7,"minecraft:crafting_table":6,"mcwfurnitures:birch_modern_chair":6,"minecraft:red_bed":3,"minecraft:furnace":6,"minecraft:acacia_fence":26,"minecraft:glass_pane":33,"minecraft:white_bed":1,"minecraft:trapped_chest":9,"minecraft:cooked_beef":1,"minecraft:jungle_trapdoor":20,"minecraft:acacia_planks":254,"minecraft:blue_concrete":28,"webdisplays:screen":17,"minecraft:birch_stairs":115,"mcwfurnitures:oak_modern_wardrobe":3,"mcwfurnitures:birch_double_drawer_counter":3},"minecraft:dropped":{"minecraft:cooked_beef":5},"minecraft:custom":{"minecraft:time_since_rest":25298,"minecraft:sprint_one_cm":21632,"minecraft:walk_one_cm":191083,"minecraft:drop":5,"minecraft:fly_one_cm":307063,"minecraft:crouch_one_cm":1258,"minecraft:play_time":127973,"minecraft:deaths":1,"minecraft:sneak_time":2583,"minecraft:walk_under_water_one_cm":3536,"minecraft:jump":343,"minecraft:leave_game":1,"minecraft:walk_on_water_one_cm":9029,"minecraft:time_since_death":25223,"minecraft:climb_one_cm":1948,"minecraft:total_world_time":127973,"minecraft:fall_one_cm":267}},"DataVersion":3465}