{"stats":{"minecraft:picked_up":{"minecraft:birch_door":3,"minecraft:oak_sign":1,"webdisplays:screen":1},"minecraft:used":{"minecraft:birch_door":10,"minecraft:glass":6,"webdisplays:linker":7,"minecraft:torch":8,"minecraft:pink_concrete":143,"minecraft:acacia_stairs":12,"minecraft:glowstone":70,"minecraft:black_wool":1,"minecraft:black_concrete":78,"minecraft:birch_planks":381,"minecraft:acacia_fence":26,"minecraft:glass_pane":33,"minecraft:stone":12,"minecraft:jungle_trapdoor":20,"minecraft:acacia_planks":254,"minecraft:blue_concrete":28,"webdisplays:screen":1,"minecraft:birch_stairs":59},"minecraft:custom":{"minecraft:time_since_rest":70575,"minecraft:sneak_time":1474,"minecraft:crouch_one_cm":720,"minecraft:play_time":70575,"minecraft:sprint_one_cm":12053,"minecraft:walk_one_cm":96511,"minecraft:jump":204,"minecraft:time_since_death":70575,"minecraft:total_world_time":70575,"minecraft:fall_one_cm":267,"minecraft:fly_one_cm":130394}},"DataVersion":3465}