{"stats":{"minecraft:picked_up":{"minecraft:birch_door":3,"minecraft:oak_sign":1,"webdisplays:screen":1},"minecraft:used":{"minecraft:birch_door":6,"webdisplays:linker":7,"minecraft:torch":8,"minecraft:pink_concrete":143,"minecraft:acacia_stairs":12,"minecraft:glowstone":70,"minecraft:black_wool":1,"minecraft:black_concrete":78,"minecraft:birch_planks":205,"minecraft:acacia_fence":26,"minecraft:jungle_trapdoor":20,"minecraft:acacia_planks":254,"minecraft:blue_concrete":28,"webdisplays:screen":1},"minecraft:custom":{"minecraft:time_since_rest":58575,"minecraft:sneak_time":1306,"minecraft:crouch_one_cm":612,"minecraft:play_time":58575,"minecraft:sprint_one_cm":11349,"minecraft:walk_one_cm":77418,"minecraft:jump":164,"minecraft:time_since_death":58575,"minecraft:total_world_time":58575,"minecraft:fall_one_cm":267,"minecraft:fly_one_cm":125429}},"DataVersion":3465}