{"stats":{"minecraft:used":{"minecraft:pink_concrete":31,"minecraft:black_concrete":76,"minecraft:acacia_fence":26,"minecraft:black_wool":1,"minecraft:torch":8,"minecraft:glowstone":59,"minecraft:acacia_stairs":12,"minecraft:acacia_planks":254},"minecraft:custom":{"minecraft:jump":45,"minecraft:time_since_rest":22575,"minecraft:crouch_one_cm":69,"minecraft:sprint_one_cm":8067,"minecraft:play_time":22575,"minecraft:time_since_death":22575,"minecraft:walk_one_cm":36220,"minecraft:sneak_time":508,"minecraft:total_world_time":22575,"minecraft:fall_one_cm":267,"minecraft:fly_one_cm":43271}},"DataVersion":3465}