{"stats":{"minecraft:picked_up":{"minecraft:birch_door":3,"webdisplays:screen":1},"minecraft:used":{"minecraft:birch_door":6,"minecraft:pink_concrete":143,"minecraft:black_concrete":78,"minecraft:acacia_fence":26,"minecraft:black_wool":1,"minecraft:torch":8,"minecraft:glowstone":70,"minecraft:acacia_stairs":12,"minecraft:acacia_planks":254,"minecraft:blue_concrete":28,"webdisplays:linker":7},"minecraft:custom":{"minecraft:jump":142,"minecraft:time_since_rest":46575,"minecraft:crouch_one_cm":560,"minecraft:sprint_one_cm":10047,"minecraft:play_time":46575,"minecraft:time_since_death":46575,"minecraft:walk_one_cm":70899,"minecraft:sneak_time":947,"minecraft:total_world_time":46575,"minecraft:fall_one_cm":267,"minecraft:fly_one_cm":72456}},"DataVersion":3465}