{"stats":{"minecraft:picked_up":{"minecraft:birch_door":3,"minecraft:oak_sign":1,"webdisplays:screen":1},"minecraft:used":{"minecraft:birch_door":10,"minecraft:glass":6,"webdisplays:linker":7,"minecraft:torch":8,"minecraft:pink_concrete":143,"minecraft:acacia_stairs":12,"minecraft:glowstone":74,"minecraft:black_wool":1,"minecraft:black_concrete":78,"minecraft:enchanting_table":3,"minecraft:bookshelf":13,"minecraft:crafting_table":6,"minecraft:oak_slab":7,"minecraft:birch_slab":4,"minecraft:red_bed":2,"minecraft:birch_planks":464,"minecraft:furnace":6,"minecraft:acacia_fence":26,"minecraft:glass_pane":33,"minecraft:white_bed":1,"minecraft:trapped_chest":9,"minecraft:stone":34,"minecraft:jungle_trapdoor":20,"minecraft:acacia_planks":254,"minecraft:blue_concrete":28,"webdisplays:screen":16,"mcwfurnitures:oak_modern_wardrobe":3,"minecraft:birch_stairs":115},"minecraft:custom":{"minecraft:time_since_rest":82575,"minecraft:sneak_time":1580,"minecraft:crouch_one_cm":720,"minecraft:play_time":82575,"minecraft:sprint_one_cm":14901,"minecraft:walk_one_cm":122667,"minecraft:jump":209,"minecraft:time_since_death":82575,"minecraft:total_world_time":82575,"minecraft:fall_one_cm":267,"minecraft:fly_one_cm":146414}},"DataVersion":3465}