{"stats":{"minecraft:picked_up":{"minecraft:birch_door":3,"webdisplays:screen":1},"minecraft:used":{"minecraft:birch_door":6,"minecraft:pink_concrete":143,"minecraft:black_concrete":78,"minecraft:acacia_fence":26,"minecraft:black_wool":1,"minecraft:torch":8,"minecraft:glowstone":67,"minecraft:acacia_stairs":12,"minecraft:acacia_planks":254,"minecraft:blue_concrete":28},"minecraft:custom":{"minecraft:jump":98,"minecraft:time_since_rest":34575,"minecraft:crouch_one_cm":77,"minecraft:sprint_one_cm":9598,"minecraft:play_time":34575,"minecraft:time_since_death":34575,"minecraft:walk_one_cm":58294,"minecraft:sneak_time":553,"minecraft:total_world_time":34575,"minecraft:fall_one_cm":267,"minecraft:fly_one_cm":46702}},"DataVersion":3465}