{"stats":{"minecraft:picked_up":{"minecraft:birch_door":3,"minecraft:lantern":1,"minecraft:oak_sign":1,"webdisplays:screen":1},"minecraft:used":{"minecraft:birch_door":10,"webdisplays:linker":7,"minecraft:glass":6,"mcwfurnitures:oak_modern_desk":1,"minecraft:black_concrete":78,"minecraft:acacia_stairs":12,"minecraft:black_wool":1,"minecraft:enchanting_table":4,"mcwfurnitures:birch_counter":1,"mcwfurnitures:birch_double_wardrobe":5,"minecraft:bookshelf":20,"webdisplays:keyboard":4,"mcwfurnitures:birch_modern_wardrobe":10,"minecraft:birch_slab":4,"minecraft:birch_planks":465,"minecraft:lantern":5,"mcwfurnitures:birch_modern_desk":7,"mcwfurnitures:birch_bookshelf":2,"mcwfurnitures:birch_striped_chair":4,"minecraft:stone":34,"mcwfurnitures:birch_coffee_table":3,"minecraft:pink_concrete":143,"minecraft:torch":8,"minecraft:glowstone":74,"minecraft:oak_slab":7,"minecraft:crafting_table":6,"mcwfurnitures:birch_modern_chair":2,"minecraft:red_bed":3,"minecraft:furnace":6,"minecraft:acacia_fence":26,"minecraft:glass_pane":33,"minecraft:white_bed":1,"minecraft:trapped_chest":9,"minecraft:jungle_trapdoor":20,"minecraft:acacia_planks":254,"minecraft:blue_concrete":28,"webdisplays:screen":17,"minecraft:birch_stairs":115,"mcwfurnitures:oak_modern_wardrobe":3,"mcwfurnitures:birch_double_drawer_counter":3},"minecraft:custom":{"minecraft:time_since_rest":94575,"minecraft:sprint_one_cm":14901,"minecraft:walk_one_cm":150305,"minecraft:fly_one_cm":149384,"minecraft:crouch_one_cm":720,"minecraft:play_time":94575,"minecraft:sneak_time":1608,"minecraft:jump":233,"minecraft:time_since_death":94575,"minecraft:climb_one_cm":858,"minecraft:total_world_time":94575,"minecraft:fall_one_cm":267}},"DataVersion":3465}