{"stats":{"minecraft:mined":{"minecraft:dandelion":1,"minecraft:oak_leaves":3},"minecraft:used":{"mcwfurnitures:oak_modern_chair":1,"webdisplays:screen":87,"mcwfurnitures:oak_striped_chair":1},"minecraft:picked_up":{"minecraft:ink_sac":3,"minecraft:dandelion":1},"minecraft:custom":{"minecraft:jump":156,"minecraft:time_since_rest":27013,"minecraft:damage_taken":10,"minecraft:crouch_one_cm":330,"minecraft:leave_game":7,"minecraft:play_time":27013,"minecraft:sprint_one_cm":15564,"minecraft:time_since_death":27013,"minecraft:walk_on_water_one_cm":1674,"minecraft:walk_one_cm":5258,"minecraft:sneak_time":1316,"minecraft:total_world_time":27013,"minecraft:walk_under_water_one_cm":44,"minecraft:fall_one_cm":5432,"minecraft:fly_one_cm":130751}},"DataVersion":2975}