{"stats":{"minecraft:used":{"webdisplays:screen":7,"minecraft:flint_and_steel":1,"minecraft:obsidian":1},"minecraft:mined":{"minecraft:spruce_leaves":16},"minecraft:custom":{"minecraft:jump":132,"minecraft:open_chest":1,"minecraft:time_since_rest":6368,"minecraft:sprint_one_cm":9094,"minecraft:leave_game":3,"minecraft:play_time":6368,"minecraft:damage_taken":210,"minecraft:time_since_death":6368,"minecraft:walk_one_cm":5993,"minecraft:sneak_time":51,"minecraft:total_world_time":6368,"minecraft:fall_one_cm":6082,"minecraft:fly_one_cm":18304}},"DataVersion":3465}