{"stats":{"minecraft:used":{"minecraft:mangrove_planks":10,"webdisplays:keyboard":3,"minecraft:flint_and_steel":1,"webdisplays:screen":26,"minecraft:obsidian":1,"mcwfurnitures:crimson_chair":4},"minecraft:mined":{"minecraft:spruce_leaves":16},"minecraft:custom":{"minecraft:jump":137,"minecraft:open_chest":1,"minecraft:time_since_rest":14596,"minecraft:crouch_one_cm":14,"minecraft:leave_game":3,"minecraft:play_time":14596,"minecraft:sprint_one_cm":9094,"minecraft:damage_taken":210,"minecraft:time_since_death":14596,"minecraft:walk_one_cm":6686,"minecraft:sneak_time":332,"minecraft:total_world_time":14596,"minecraft:fall_one_cm":6082,"minecraft:fly_one_cm":24931}},"DataVersion":3465}