{"stats":{"minecraft:mined":{"minecraft:dandelion":1,"minecraft:oak_leaves":3},"minecraft:picked_up":{"minecraft:dandelion":1},"minecraft:used":{"webdisplays:screen":68},"minecraft:custom":{"minecraft:jump":148,"minecraft:time_since_rest":21483,"minecraft:damage_taken":10,"minecraft:crouch_one_cm":324,"minecraft:leave_game":6,"minecraft:play_time":21483,"minecraft:sprint_one_cm":14443,"minecraft:time_since_death":21483,"minecraft:walk_on_water_one_cm":1198,"minecraft:walk_one_cm":4736,"minecraft:sneak_time":1088,"minecraft:total_world_time":21483,"minecraft:fall_one_cm":5432,"minecraft:fly_one_cm":83128}},"DataVersion":2975}