{"stats":{"minecraft:used":{"minecraft:mangrove_planks":10,"minecraft:oak_sign":1,"webdisplays:keyboard":8,"minecraft:flint_and_steel":4,"webdisplays:screen":377,"minecraft:obsidian":1,"webdisplays:linker":3,"mcwfurnitures:crimson_chair":5},"minecraft:mined":{"minecraft:spruce_leaves":16},"minecraft:custom":{"minecraft:jump":172,"minecraft:open_chest":1,"minecraft:time_since_rest":50596,"minecraft:damage_dealt":25,"minecraft:crouch_one_cm":204,"minecraft:leave_game":3,"minecraft:play_time":50596,"minecraft:sprint_one_cm":10854,"minecraft:damage_taken":210,"minecraft:time_since_death":50596,"minecraft:walk_one_cm":9091,"minecraft:sneak_time":3149,"minecraft:total_world_time":50596,"minecraft:fall_one_cm":6082,"minecraft:fly_one_cm":236644}},"DataVersion":3465}