{"stats":{"minecraft:used":{"minecraft:mangrove_planks":10,"webdisplays:keyboard":3,"minecraft:flint_and_steel":1,"webdisplays:screen":62,"minecraft:obsidian":1,"mcwfurnitures:crimson_chair":4},"minecraft:mined":{"minecraft:spruce_leaves":16},"minecraft:custom":{"minecraft:jump":148,"minecraft:open_chest":1,"minecraft:time_since_rest":26596,"minecraft:crouch_one_cm":154,"minecraft:leave_game":3,"minecraft:play_time":26596,"minecraft:sprint_one_cm":9396,"minecraft:damage_taken":210,"minecraft:time_since_death":26596,"minecraft:walk_one_cm":7593,"minecraft:sneak_time":1137,"minecraft:total_world_time":26596,"minecraft:fall_one_cm":6082,"minecraft:fly_one_cm":94202}},"DataVersion":3465}