{"stats":{"minecraft:mined":{"minecraft:dandelion":1,"minecraft:oak_leaves":3},"minecraft:picked_up":{"minecraft:dandelion":1},"minecraft:used":{"webdisplays:screen":1},"minecraft:custom":{"minecraft:jump":141,"minecraft:time_since_rest":6809,"minecraft:crouch_one_cm":257,"minecraft:sprint_one_cm":14336,"minecraft:leave_game":1,"minecraft:play_time":6809,"minecraft:damage_taken":10,"minecraft:time_since_death":6809,"minecraft:walk_one_cm":3830,"minecraft:sneak_time":216,"minecraft:total_world_time":6809,"minecraft:fall_one_cm":5432,"minecraft:fly_one_cm":33274}},"DataVersion":2975}