{"stats":{"minecraft:killed":{"minecraft:skeleton":1,"minecraft:zombie":5,"minecraft:spider":3,"minecraft:creeper":2,"minecraft:cow":1},"minecraft:picked_up":{"minecraft:gunpowder":2,"minecraft:blue_bed":1,"minecraft:dirt":1,"minecraft:spider_eye":2,"minecraft:string":3,"minecraft:oak_sign":2,"minecraft:bone":2,"minecraft:arrow":1,"minecraft:rotten_flesh":8,"webdisplays:linker":4,"minecraft:writable_book":1,"minecraft:beef":4,"minecraft:iron_nugget":15,"webdisplays:screen":4},"minecraft:used":{"minecraft:birch_fence":1,"minecraft:birch_door":6,"webdisplays:linker":15,"minecraft:netherite_sword":35,"minecraft:writable_book":4,"minecraft:acacia_stairs":29,"minecraft:black_concrete":104,"webdisplays:keyboard":12,"minecraft:flint_and_steel":4,"minecraft:quartz_slab":8,"minecraft:grass_block":1,"mcwfurnitures:crimson_chair":6,"minecraft:mangrove_planks":10,"minecraft:quartz_block":40,"minecraft:oak_sign":21,"minecraft:lectern":1,"mcwfurnitures:birch_striped_chair":2,"minecraft:stone":223,"minecraft:blue_bed":2,"minecraft:glowstone":5,"minecraft:dirt":1,"minecraft:anvil":3,"minecraft:written_book":1,"mcwfurnitures:oak_striped_chair":39,"minecraft:white_concrete":6,"minecraft:acacia_planks":506,"mcwfurnitures:crimson_triple_drawer":8,"webdisplays:screen":533,"minecraft:obsidian":1},"minecraft:mined":{"minecraft:spruce_leaves":16},"minecraft:dropped":{"webdisplays:screen":6,"webdisplays:linker":5,"minecraft:acacia_stairs":1,"mcwfurnitures:crimson_chair":1},"minecraft:custom":{"minecraft:time_since_rest":24338,"minecraft:sprint_one_cm":80193,"minecraft:walk_one_cm":91042,"minecraft:damage_taken":210,"minecraft:interact_with_anvil":1,"minecraft:mob_kills":12,"minecraft:drop":13,"minecraft:damage_dealt":2018,"minecraft:fly_one_cm":848565,"minecraft:open_chest":1,"minecraft:crouch_one_cm":3903,"minecraft:play_time":171914,"minecraft:sneak_time":8479,"minecraft:interact_with_lectern":4,"minecraft:jump":486,"minecraft:leave_game":5,"minecraft:time_since_death":171914,"minecraft:sleep_in_bed":1,"minecraft:total_world_time":171914,"minecraft:fall_one_cm":6082}},"DataVersion":3465}