{"stats":{"minecraft:mined":{"minecraft:dandelion":1,"minecraft:oak_leaves":3},"minecraft:used":{"minecraft:sand":1,"minecraft:flint_and_steel":2,"mcwfurnitures:oak_modern_chair":4,"mcwfurnitures:oak_striped_chair":1,"minecraft:oak_sign":1,"minecraft:yellow_bed":33,"minecraft:diamond_ore":49,"webdisplays:screen":110},"minecraft:picked_up":{"minecraft:arrow":6,"minecraft:tripwire_hook":1,"minecraft:quartz":2,"minecraft:dandelion":1,"minecraft:iron_ingot":1,"minecraft:enchanted_book":1,"minecraft:crossbow":1,"minecraft:gilded_blackstone":3,"minecraft:ink_sac":3,"minecraft:spectral_arrow":21,"minecraft:obsidian":11,"minecraft:golden_chestplate":1,"minecraft:bone_block":3},"minecraft:custom":{"minecraft:time_since_rest":39013,"minecraft:crouch_one_cm":729,"minecraft:sprint_one_cm":18307,"minecraft:play_time":39013,"minecraft:damage_taken":10,"minecraft:walk_one_cm":8308,"minecraft:sneak_time":2608,"minecraft:walk_under_water_one_cm":800,"minecraft:jump":175,"minecraft:damage_dealt":28,"minecraft:leave_game":7,"minecraft:walk_on_water_one_cm":2088,"minecraft:time_since_death":39013,"minecraft:total_world_time":39013,"minecraft:fall_one_cm":5432,"minecraft:fly_one_cm":297345}},"DataVersion":2975}