{"stats":{"minecraft:killed":{"minecraft:spider":3,"minecraft:zombie":5,"minecraft:creeper":2,"minecraft:cow":1},"minecraft:picked_up":{"minecraft:rotten_flesh":4,"minecraft:arrow":1,"minecraft:bone":2,"minecraft:oak_sign":2,"minecraft:beef":2,"minecraft:gunpowder":2,"minecraft:spider_eye":2,"minecraft:string":3},"minecraft:used":{"minecraft:acacia_stairs":29,"webdisplays:linker":9,"minecraft:netherite_sword":33,"minecraft:glowstone":4,"minecraft:black_concrete":104,"minecraft:dirt":1,"webdisplays:keyboard":10,"minecraft:flint_and_steel":4,"mcwfurnitures:oak_striped_chair":39,"minecraft:grass_block":1,"mcwfurnitures:crimson_chair":5,"minecraft:mangrove_planks":10,"minecraft:oak_sign":15,"minecraft:quartz_block":40,"minecraft:white_concrete":6,"minecraft:stone":215,"minecraft:acacia_planks":135,"webdisplays:screen":457,"minecraft:obsidian":1},"minecraft:mined":{"minecraft:spruce_leaves":16},"minecraft:custom":{"minecraft:time_since_rest":99914,"minecraft:open_chest":1,"minecraft:crouch_one_cm":1344,"minecraft:sprint_one_cm":40877,"minecraft:play_time":99914,"minecraft:damage_taken":210,"minecraft:walk_one_cm":44639,"minecraft:sneak_time":5584,"minecraft:mob_kills":11,"minecraft:jump":294,"minecraft:damage_dealt":1898,"minecraft:leave_game":5,"minecraft:time_since_death":99914,"minecraft:total_world_time":99914,"minecraft:fall_one_cm":6082,"minecraft:fly_one_cm":495339}},"DataVersion":3465}