{"stats":{"minecraft:killed":{"minecraft:zombie":5,"minecraft:spider":3,"minecraft:creeper":2,"minecraft:cow":1},"minecraft:picked_up":{"minecraft:gunpowder":2,"minecraft:spider_eye":2,"minecraft:string":3,"minecraft:oak_sign":2,"minecraft:bone":2,"minecraft:arrow":1,"minecraft:rotten_flesh":4,"minecraft:beef":2,"webdisplays:screen":1},"minecraft:used":{"minecraft:birch_door":6,"webdisplays:linker":9,"minecraft:netherite_sword":33,"minecraft:writable_book":4,"minecraft:acacia_stairs":29,"minecraft:black_concrete":104,"webdisplays:keyboard":10,"minecraft:flint_and_steel":4,"minecraft:grass_block":1,"mcwfurnitures:crimson_chair":5,"minecraft:mangrove_planks":10,"minecraft:quartz_block":40,"minecraft:oak_sign":21,"minecraft:lectern":1,"mcwfurnitures:birch_striped_chair":2,"minecraft:stone":223,"minecraft:blue_bed":2,"minecraft:glowstone":4,"minecraft:dirt":1,"minecraft:written_book":1,"mcwfurnitures:oak_striped_chair":39,"minecraft:white_concrete":6,"minecraft:acacia_planks":180,"webdisplays:screen":480,"minecraft:obsidian":1},"minecraft:mined":{"minecraft:spruce_leaves":16},"minecraft:dropped":{"webdisplays:screen":2,"minecraft:acacia_stairs":1},"minecraft:custom":{"minecraft:time_since_rest":123914,"minecraft:sprint_one_cm":56039,"minecraft:walk_one_cm":63704,"minecraft:damage_taken":210,"minecraft:mob_kills":11,"minecraft:drop":3,"minecraft:damage_dealt":1898,"minecraft:fly_one_cm":587313,"minecraft:open_chest":1,"minecraft:crouch_one_cm":1869,"minecraft:play_time":123914,"minecraft:sneak_time":6334,"minecraft:interact_with_lectern":4,"minecraft:jump":379,"minecraft:leave_game":5,"minecraft:time_since_death":123914,"minecraft:total_world_time":123914,"minecraft:fall_one_cm":6082}},"DataVersion":3465}