{"stats":{"minecraft:used":{"webdisplays:linker":3,"webdisplays:keyboard":8,"minecraft:flint_and_steel":4,"mcwfurnitures:crimson_chair":5,"minecraft:mangrove_planks":10,"minecraft:quartz_block":20,"minecraft:oak_sign":1,"minecraft:acacia_planks":85,"webdisplays:screen":377,"minecraft:obsidian":1},"minecraft:mined":{"minecraft:spruce_leaves":16},"minecraft:custom":{"minecraft:time_since_rest":62596,"minecraft:open_chest":1,"minecraft:crouch_one_cm":215,"minecraft:sprint_one_cm":10929,"minecraft:play_time":62596,"minecraft:damage_taken":210,"minecraft:walk_one_cm":9398,"minecraft:sneak_time":3868,"minecraft:jump":181,"minecraft:damage_dealt":25,"minecraft:leave_game":3,"minecraft:time_since_death":62596,"minecraft:total_world_time":62596,"minecraft:fall_one_cm":6082,"minecraft:fly_one_cm":296770}},"DataVersion":3465}