{"stats":{"minecraft:killed":{"minecraft:spider":3,"minecraft:creeper":3,"minecraft:skeleton":2,"minecraft:zombie":6,"minecraft:cow":1},"minecraft:picked_up":{"minecraft:spruce_leaves":1,"minecraft:netherite_boots":1,"minecraft:birch_door":1,"mcwfurnitures:warped_bookshelf_cupboard":1,"minecraft:gunpowder":2,"minecraft:string":3,"minecraft:netherite_leggings":1,"minecraft:dirt":2,"mcwfurnitures:crimson_double_drawer_counter":1,"minecraft:blue_bed":1,"minecraft:flint_and_steel":1,"minecraft:bone":6,"minecraft:oak_sign":2,"minecraft:detector_rail":64,"minecraft:netherite_sword":2,"minecraft:beef":4,"minecraft:iron_nugget":15,"webdisplays:screen":4,"minecraft:furnace":64,"minecraft:birch_stairs":1,"minecraft:spider_eye":4,"mcwfurnitures:stripped_crimson_lower_bookshelf_drawer":1,"minecraft:arrow":3,"minecraft:rotten_flesh":10,"minecraft:netherite_helmet":1,"webdisplays:linker":5,"minecraft:writable_book":2,"minecraft:netherite_chestplate":1},"minecraft:used":{"webdisplays:linker":18,"minecraft:water_bucket":6,"minecraft:netherite_sword":45,"minecraft:writable_book":4,"mcwfurnitures:warped_glass_table":1,"webdisplays:keyboard":12,"minecraft:flint_and_steel":4,"mcwfurnitures:birch_modern_wardrobe":5,"minecraft:netherite_chestplate":1,"mcwfurnitures:crimson_chair":6,"minecraft:mangrove_planks":10,"minecraft:ladder":6,"minecraft:oak_sign":24,"mcwfurnitures:birch_striped_chair":2,"minecraft:stone":223,"minecraft:blue_bed":2,"mcwfurnitures:crimson_bookshelf_drawer":6,"minecraft:spruce_leaves":2,"minecraft:dirt":5,"minecraft:anvil":3,"minecraft:spider_eye":1,"mcwfurnitures:crimson_triple_drawer":8,"minecraft:obsidian":1,"minecraft:birch_fence":1,"minecraft:birch_door":6,"mcwfurnitures:warped_modern_chair":4,"minecraft:acacia_stairs":29,"minecraft:black_concrete":108,"minecraft:quartz_slab":13,"mcwfurnitures:crimson_double_drawer_counter":1,"minecraft:grass_block":1,"minecraft:quartz_block":40,"minecraft:lectern":1,"minecraft:detector_rail":1,"mcwfurnitures:warped_bookshelf_cupboard":2,"minecraft:glowstone":7,"mcwfurnitures:stripped_crimson_lower_bookshelf_drawer":2,"minecraft:written_book":1,"minecraft:furnace":1,"mcwfurnitures:oak_striped_chair":40,"mcwfurnitures:warped_double_wardrobe":5,"minecraft:white_concrete":6,"minecraft:acacia_planks":688,"webdisplays:screen":627,"mcwfurnitures:crimson_double_wardrobe":4},"minecraft:mined":{"minecraft:spruce_leaves":16},"minecraft:dropped":{"webdisplays:screen":6,"minecraft:netherite_sword":1,"webdisplays:linker":6,"minecraft:acacia_stairs":1,"minecraft:spruce_leaves":2,"minecraft:arrow":1,"mcwfurnitures:crimson_chair":1},"minecraft:custom":{"minecraft:mob_kills":15,"minecraft:interact_with_anvil":1,"minecraft:leave_game":6,"minecraft:time_since_death":40099,"minecraft:sleep_in_bed":1,"minecraft:climb_one_cm":4771,"minecraft:time_since_rest":40247,"minecraft:sprint_one_cm":113353,"minecraft:damage_taken":210,"minecraft:walk_one_cm":131939,"minecraft:drop":18,"minecraft:damage_dealt":2619,"minecraft:fly_one_cm":1117753,"minecraft:open_chest":1,"minecraft:crouch_one_cm":5697,"minecraft:play_time":232261,"minecraft:deaths":1,"minecraft:sneak_time":11212,"minecraft:walk_under_water_one_cm":5070,"minecraft:interact_with_lectern":5,"minecraft:jump":608,"minecraft:walk_on_water_one_cm":17166,"minecraft:total_world_time":232261,"minecraft:fall_one_cm":6082}},"DataVersion":3465}