{"stats":{"minecraft:custom":{"minecraft:time_since_rest":84164,"minecraft:open_chest":1,"minecraft:crouch_one_cm":732,"minecraft:sprint_one_cm":31617,"minecraft:play_time":84164,"minecraft:damage_taken":210,"minecraft:walk_one_cm":34084,"minecraft:sneak_time":4461,"minecraft:jump":264,"minecraft:damage_dealt":25,"minecraft:leave_game":5,"minecraft:time_since_death":84164,"minecraft:total_world_time":84164,"minecraft:fall_one_cm":6082,"minecraft:fly_one_cm":387845},"minecraft:mined":{"minecraft:spruce_leaves":16},"minecraft:used":{"webdisplays:linker":7,"minecraft:glowstone":4,"minecraft:black_concrete":104,"minecraft:dirt":1,"webdisplays:keyboard":9,"minecraft:flint_and_steel":4,"mcwfurnitures:oak_striped_chair":39,"minecraft:grass_block":1,"mcwfurnitures:crimson_chair":5,"minecraft:mangrove_planks":10,"minecraft:oak_sign":11,"minecraft:quartz_block":40,"minecraft:white_concrete":6,"minecraft:stone":177,"minecraft:acacia_planks":124,"webdisplays:screen":457,"minecraft:obsidian":1},"minecraft:picked_up":{"minecraft:arrow":1,"minecraft:bone":2,"minecraft:oak_sign":1}},"DataVersion":3465}