{"stats":{"minecraft:picked_up":{"minecraft:bone":2,"minecraft:arrow":1},"minecraft:used":{"webdisplays:linker":3,"minecraft:glowstone":4,"minecraft:dirt":1,"webdisplays:keyboard":8,"minecraft:flint_and_steel":4,"minecraft:grass_block":1,"mcwfurnitures:crimson_chair":5,"minecraft:mangrove_planks":10,"minecraft:quartz_block":40,"minecraft:oak_sign":4,"minecraft:stone":160,"minecraft:acacia_planks":124,"webdisplays:screen":377,"minecraft:obsidian":1},"minecraft:mined":{"minecraft:spruce_leaves":16},"minecraft:custom":{"minecraft:time_since_rest":74596,"minecraft:open_chest":1,"minecraft:crouch_one_cm":400,"minecraft:sprint_one_cm":20008,"minecraft:play_time":74596,"minecraft:damage_taken":210,"minecraft:walk_one_cm":19332,"minecraft:sneak_time":4146,"minecraft:jump":225,"minecraft:damage_dealt":25,"minecraft:leave_game":3,"minecraft:time_since_death":74596,"minecraft:total_world_time":74596,"minecraft:fall_one_cm":6082,"minecraft:fly_one_cm":339744}},"DataVersion":3465}