{"stats":{"minecraft:used":{"minecraft:mangrove_planks":10,"minecraft:oak_sign":1,"webdisplays:keyboard":5,"minecraft:flint_and_steel":1,"webdisplays:screen":372,"minecraft:obsidian":1,"mcwfurnitures:crimson_chair":5},"minecraft:mined":{"minecraft:spruce_leaves":16},"minecraft:custom":{"minecraft:jump":163,"minecraft:open_chest":1,"minecraft:time_since_rest":38596,"minecraft:crouch_one_cm":164,"minecraft:leave_game":3,"minecraft:play_time":38596,"minecraft:sprint_one_cm":10439,"minecraft:damage_taken":210,"minecraft:time_since_death":38596,"minecraft:walk_one_cm":8553,"minecraft:sneak_time":2132,"minecraft:total_world_time":38596,"minecraft:fall_one_cm":6082,"minecraft:fly_one_cm":161939}},"DataVersion":3465}