{"stats":{"minecraft:killed":{"minecraft:skeleton":1,"minecraft:zombie":5,"minecraft:spider":3,"minecraft:creeper":2,"minecraft:cow":1},"minecraft:picked_up":{"minecraft:gunpowder":2,"minecraft:spider_eye":2,"minecraft:string":3,"minecraft:oak_sign":2,"minecraft:bone":2,"minecraft:arrow":1,"minecraft:rotten_flesh":4,"webdisplays:linker":2,"minecraft:beef":2,"webdisplays:screen":3},"minecraft:used":{"minecraft:birch_door":6,"webdisplays:linker":13,"minecraft:netherite_sword":35,"minecraft:writable_book":4,"minecraft:acacia_stairs":29,"minecraft:black_concrete":104,"webdisplays:keyboard":11,"minecraft:flint_and_steel":4,"minecraft:grass_block":1,"mcwfurnitures:crimson_chair":6,"minecraft:mangrove_planks":10,"minecraft:quartz_block":40,"minecraft:oak_sign":21,"minecraft:lectern":1,"mcwfurnitures:birch_striped_chair":2,"minecraft:stone":223,"minecraft:blue_bed":2,"minecraft:glowstone":4,"minecraft:dirt":1,"minecraft:anvil":1,"minecraft:written_book":1,"mcwfurnitures:oak_striped_chair":39,"minecraft:white_concrete":6,"minecraft:acacia_planks":275,"mcwfurnitures:crimson_triple_drawer":4,"webdisplays:screen":523,"minecraft:obsidian":1},"minecraft:mined":{"minecraft:spruce_leaves":16},"minecraft:dropped":{"webdisplays:screen":5,"webdisplays:linker":3,"minecraft:acacia_stairs":1,"mcwfurnitures:crimson_chair":1},"minecraft:custom":{"minecraft:time_since_rest":12338,"minecraft:sprint_one_cm":75979,"minecraft:walk_one_cm":83648,"minecraft:damage_taken":210,"minecraft:interact_with_anvil":1,"minecraft:mob_kills":12,"minecraft:drop":10,"minecraft:damage_dealt":2018,"minecraft:fly_one_cm":777113,"minecraft:open_chest":1,"minecraft:crouch_one_cm":2747,"minecraft:play_time":159914,"minecraft:sneak_time":7817,"minecraft:interact_with_lectern":4,"minecraft:jump":445,"minecraft:leave_game":5,"minecraft:time_since_death":159914,"minecraft:sleep_in_bed":1,"minecraft:total_world_time":159914,"minecraft:fall_one_cm":6082}},"DataVersion":3465}