{"stats":{"minecraft:mined":{"minecraft:dandelion":1,"minecraft:oak_leaves":3},"minecraft:picked_up":{"minecraft:dandelion":1},"minecraft:used":{"webdisplays:screen":66},"minecraft:custom":{"minecraft:jump":148,"minecraft:time_since_rest":13668,"minecraft:walk_on_water_one_cm":1198,"minecraft:crouch_one_cm":267,"minecraft:sprint_one_cm":14443,"minecraft:leave_game":2,"minecraft:play_time":13668,"minecraft:damage_taken":10,"minecraft:time_since_death":13668,"minecraft:walk_one_cm":4515,"minecraft:sneak_time":853,"minecraft:total_world_time":13668,"minecraft:fall_one_cm":5432,"minecraft:fly_one_cm":65184}},"DataVersion":2975}